case,arm,repetition,run,elapsed_ns,groups,sampled_native_peak_delta_bytes,retained_native_delta_bytes,build_rows,build_keys,build_bytes,scanned_rows,matched_pairs,null_extended_rows,surviving_rows,merge_cardinality,build_ns,init_ns,probe_ns,merge_ns
primary-w4,candidate,0,0,338289816,120,1001760,960672,10000,10000,786560,100000000,9998251,0,9998251,120,1528266,94125,336090616,199422
primary-w4,baseline,0,0,2337100885,120,1018340,487692,,,,,,,,,,,,
primary-w4,baseline,0,1,2323728907,120,969176,487692,,,,,,,,,,,,
primary-w4,candidate,0,1,336656874,120,1001760,960672,10000,10000,786560,100000000,9998251,0,9998251,120,1491647,88576,334526503,191498
primary-w4,candidate,0,2,330696526,120,1001760,960672,10000,10000,786560,100000000,9998251,0,9998251,120,1455480,157695,328530860,212787
primary-w4,baseline,0,2,2324714499,120,969176,487692,,,,,,,,,,,,
primary-w4,baseline,0,3,2322674355,120,488728,487692,,,,,,,,,,,,
primary-w4,candidate,0,3,333360564,120,1001760,960672,10000,10000,786560,100000000,9998251,0,9998251,120,1172081,88255,331634739,193562
primary-w4,candidate,0,4,335206644,120,1001760,960672,10000,10000,786560,100000000,9998251,0,9998251,120,1045293,84528,333572610,199633
primary-w4,baseline,0,4,2326308084,120,487704,487692,,,,,,,,,,,,
primary-w4,baseline,0,5,2317990693,120,487704,487692,,,,,,,,,,,,
primary-w4,candidate,0,5,336798819,120,1001760,960672,10000,10000,786560,100000000,9998251,0,9998251,120,1074057,88495,335177900,190266
primary-w4,candidate,0,6,334692142,120,1001760,960672,10000,10000,786560,100000000,9998251,0,9998251,120,1113831,90119,332989291,204613
primary-w4,baseline,0,6,2328393471,120,487704,487692,,,,,,,,,,,,
primary-w4,baseline,0,7,2321185601,120,487704,487692,,,,,,,,,,,,
primary-w4,candidate,0,7,339780701,120,1001760,960672,10000,10000,786560,100000000,9998251,0,9998251,120,1002874,93064,338194396,209111
primary-w4,candidate,0,8,330925103,120,1251520,960672,10000,10000,786560,100000000,9998251,0,9998251,120,1271517,88345,329098770,174285
primary-w4,baseline,0,8,2323526025,120,487704,487692,,,,,,,,,,,,
primary-w4,baseline,0,9,2320756058,120,487704,487692,,,,,,,,,,,,
primary-w4,candidate,0,9,334992233,120,1001760,960672,10000,10000,786560,100000000,9998251,0,9998251,120,956247,97572,333504172,176420
primary-w4,baseline,1,0,2328833078,120,487704,487692,,,,,,,,,,,,
primary-w4,candidate,1,0,338814304,120,1001760,960672,10000,10000,786560,100000000,9998251,0,9998251,120,767774,88416,337539752,163776
primary-w4,candidate,1,1,330444725,120,1001760,960672,10000,10000,786560,100000000,9998251,0,9998251,120,872421,72786,329082008,168244
primary-w4,baseline,1,1,2328146013,120,487704,487692,,,,,,,,,,,,
primary-w4,baseline,1,2,2321283119,120,487704,487692,,,,,,,,,,,,
primary-w4,candidate,1,2,342457572,120,1001760,960672,10000,10000,786560,100000000,9998251,0,9998251,120,874013,89467,340961225,221735
primary-w4,candidate,1,3,333882899,120,1001760,960672,10000,10000,786560,100000000,9998251,0,9998251,120,962278,46106,332413162,218388
primary-w4,baseline,1,3,2316401376,120,487704,487692,,,,,,,,,,,,
primary-w4,baseline,1,4,2319128772,120,487704,487692,,,,,,,,,,,,
primary-w4,candidate,1,4,335079565,120,1001760,960672,10000,10000,786560,100000000,9998251,0,9998251,120,819261,81692,333743058,175488
primary-w4,candidate,1,5,333351205,120,1001760,960672,10000,10000,786560,100000000,9998251,0,9998251,120,954103,75140,331885367,171650
primary-w4,baseline,1,5,2322326056,120,487704,487692,,,,,,,,,,,,
primary-w4,baseline,1,6,2328707840,120,487704,487692,,,,,,,,,,,,
primary-w4,candidate,1,6,334044772,120,1001760,960672,10000,10000,786560,100000000,9998251,0,9998251,120,768817,81632,332733501,173955
primary-w4,candidate,1,7,331082175,120,1001760,960672,10000,10000,786560,100000000,9998251,0,9998251,120,1116757,68989,329440948,171400
primary-w4,baseline,1,7,2320217915,120,487704,487692,,,,,,,,,,,,
primary-w4,baseline,1,8,2321150498,120,487704,487692,,,,,,,,,,,,
primary-w4,candidate,1,8,340741385,120,1001760,960672,10000,10000,786560,100000000,9998251,0,9998251,120,841282,82394,339387414,194875
primary-w4,candidate,1,9,331316063,120,1001760,960672,10000,10000,786560,100000000,9998251,0,9998251,120,970754,81513,329916908,101209
primary-w4,baseline,1,9,2316961468,120,487704,487692,,,,,,,,,,,,
primary-w1,candidate,0,0,784067288,120,1851520,944288,10000,10000,786560,100000000,9998251,0,9998251,120,1274802,55845,782267726,108984
primary-w1,baseline,0,0,2241480810,120,1267992,487692,,,,,,,,,,,,
primary-w1,baseline,0,1,2235516445,120,1267992,487692,,,,,,,,,,,,
primary-w1,candidate,0,1,783397346,120,1589376,944288,10000,10000,786560,100000000,9998251,0,9998251,120,1215120,84958,781675409,77685
primary-w1,candidate,0,2,792050857,120,1327232,944288,10000,10000,786560,100000000,9998251,0,9998251,120,1594690,59381,790042173,75291
primary-w1,baseline,0,2,2239398307,120,1169688,487692,,,,,,,,,,,,
primary-w1,baseline,0,3,2245377289,120,487704,487692,,,,,,,,,,,,
primary-w1,candidate,0,3,779559314,120,954560,944288,10000,10000,786560,100000000,9998251,0,9998251,120,975794,84438,778151393,77014
primary-w1,candidate,0,4,772243263,120,954560,944288,10000,10000,786560,100000000,9998251,0,9998251,120,1011461,60984,770821166,88836
primary-w1,baseline,0,4,2235821533,120,487704,487692,,,,,,,,,,,,
primary-w1,baseline,0,5,2246902508,120,487704,487692,,,,,,,,,,,,
primary-w1,candidate,0,5,793545839,120,954560,944288,10000,10000,786560,100000000,9998251,0,9998251,120,797881,77174,792309768,74119
primary-w1,candidate,0,6,788071499,120,954560,944288,10000,10000,786560,100000000,9998251,0,9998251,120,967368,79789,786653279,71374
primary-w1,baseline,0,6,2235074816,120,487704,487692,,,,,,,,,,,,
primary-w1,baseline,0,7,2246471130,120,487704,487692,,,,,,,,,,,,
primary-w1,candidate,0,7,792753869,120,954560,944288,10000,10000,786560,100000000,9998251,0,9998251,120,812098,91211,791495628,89868
primary-w1,candidate,0,8,774371149,120,954560,944288,10000,10000,786560,100000000,9998251,0,9998251,120,1103673,63188,772882187,71784
primary-w1,baseline,0,8,2235566584,120,487704,487692,,,,,,,,,,,,
primary-w1,baseline,0,9,2238024697,120,487704,487692,,,,,,,,,,,,
primary-w1,candidate,0,9,776071465,120,954560,944288,10000,10000,786560,100000000,9998251,0,9998251,120,782181,72976,774884207,74940
primary-w1,baseline,1,0,2240276542,120,487704,487692,,,,,,,,,,,,
primary-w1,candidate,1,0,775217749,120,954560,944288,10000,10000,786560,100000000,9998251,0,9998251,120,778684,80891,773992450,81692
primary-w1,candidate,1,1,770386301,120,954560,944288,10000,10000,786560,100000000,9998251,0,9998251,120,809963,45345,769224450,70542
primary-w1,baseline,1,1,2237887267,120,487704,487692,,,,,,,,,,,,
primary-w1,baseline,1,2,2252029613,120,487704,487692,,,,,,,,,,,,
primary-w1,candidate,1,2,780270520,120,954560,944288,10000,10000,786560,100000000,9998251,0,9998251,120,691171,54803,779207343,78045
primary-w1,candidate,1,3,773624311,120,954560,944288,10000,10000,786560,100000000,9998251,0,9998251,120,799284,44323,772400184,85840
primary-w1,baseline,1,3,2255250221,120,487704,487692,,,,,,,,,,,,
primary-w1,baseline,1,4,2231250955,120,487704,487692,,,,,,,,,,,,
primary-w1,candidate,1,4,782141967,120,954560,944288,10000,10000,786560,100000000,9998251,0,9998251,120,751755,77996,780964527,91561
primary-w1,candidate,1,5,770984368,120,954560,944288,10000,10000,786560,100000000,9998251,0,9998251,120,1027991,47859,769592157,75361
primary-w1,baseline,1,5,2232147539,120,487704,487692,,,,,,,,,,,,
primary-w1,baseline,1,6,2232081165,120,487704,487692,,,,,,,,,,,,
primary-w1,candidate,1,6,777239366,120,954560,944288,10000,10000,786560,100000000,9998251,0,9998251,120,745152,87043,776039213,92263
primary-w1,candidate,1,7,778567066,120,954560,944288,10000,10000,786560,100000000,9998251,0,9998251,120,923274,51165,777263230,75041
primary-w1,baseline,1,7,2233444020,120,487704,487692,,,,,,,,,,,,
primary-w1,baseline,1,8,2245176674,120,487704,487692,,,,,,,,,,,,
primary-w1,candidate,1,8,777173762,120,954560,944288,10000,10000,786560,100000000,9998251,0,9998251,120,740153,70462,776029575,75381
primary-w1,candidate,1,9,769478404,120,954560,944288,10000,10000,786560,100000000,9998251,0,9998251,120,799384,42450,768326020,73988
primary-w1,baseline,1,9,2247029335,120,487704,487692,,,,,,,,,,,,
primary-w2,candidate,0,0,530612646,120,1451520,944288,10000,10000,786560,100000000,9998251,0,9998251,120,1279882,88185,528748041,123260
primary-w2,baseline,0,0,2308966267,120,1169432,487692,,,,,,,,,,,,
primary-w2,baseline,0,1,2324786088,120,1169432,487692,,,,,,,,,,,,
primary-w2,candidate,0,1,539846600,120,1189376,944288,10000,10000,786560,100000000,9998251,0,9998251,120,1202106,87042,538174125,89658
primary-w2,candidate,0,2,530588260,120,954592,944288,10000,10000,786560,100000000,9998251,0,9998251,120,1623003,98084,528481473,89167
primary-w2,baseline,0,2,2314727261,120,1169432,487692,,,,,,,,,,,,
primary-w2,baseline,0,3,2315405198,120,487704,487692,,,,,,,,,,,,
primary-w2,candidate,0,3,539527033,120,954592,944288,10000,10000,786560,100000000,9998251,0,9998251,120,1008885,101059,538070331,85420
primary-w2,candidate,0,4,531677816,120,1326976,944288,10000,10000,786560,100000000,9998251,0,9998251,120,1664730,96730,529559297,82574
primary-w2,baseline,0,4,2313559569,120,487704,487692,,,,,,,,,,,,
primary-w2,baseline,0,5,2315125254,120,487704,487692,,,,,,,,,,,,
primary-w2,candidate,0,5,549815848,120,954592,944288,10000,10000,786560,100000000,9998251,0,9998251,120,815594,80180,548549121,94807
primary-w2,candidate,0,6,545830771,120,954592,944288,10000,10000,786560,100000000,9998251,0,9998251,120,1007242,70482,544241833,99556
primary-w2,baseline,0,6,2316210812,120,487704,487692,,,,,,,,,,,,
primary-w2,baseline,0,7,2316738357,120,487704,487692,,,,,,,,,,,,
primary-w2,candidate,0,7,545769688,120,954592,944288,10000,10000,786560,100000000,9998251,0,9998251,120,874123,84719,544404516,85209
primary-w2,candidate,0,8,532873189,120,954592,944288,10000,10000,786560,100000000,9998251,0,9998251,120,1028462,94226,531371933,91541
primary-w2,baseline,0,8,2305125467,120,487704,487692,,,,,,,,,,,,
primary-w2,baseline,0,9,2304467747,120,487704,487692,,,,,,,,,,,,
primary-w2,candidate,0,9,537702012,120,954592,944288,10000,10000,786560,100000000,9998251,0,9998251,120,801598,80741,536473676,86251
primary-w2,baseline,1,0,2302392597,120,487704,487692,,,,,,,,,,,,
primary-w2,candidate,1,0,545375400,120,954592,944288,10000,10000,786560,100000000,9998251,0,9998251,120,842054,88305,544102531,88886
primary-w2,candidate,1,1,534188827,120,954592,944288,10000,10000,786560,100000000,9998251,0,9998251,120,946358,74820,532824107,86692
primary-w2,baseline,1,1,2310687787,120,487704,487692,,,,,,,,,,,,
primary-w2,baseline,1,2,2307443224,120,487704,487692,,,,,,,,,,,,
primary-w2,candidate,1,2,542136668,120,954592,944288,10000,10000,786560,100000000,9998251,0,9998251,120,829179,87012,540869049,95789
primary-w2,candidate,1,3,533811210,120,1189376,944288,10000,10000,786560,100000000,9998251,0,9998251,120,1145922,84919,532172569,113492
primary-w2,baseline,1,3,2315768791,120,487704,487692,,,,,,,,,,,,
primary-w2,baseline,1,4,2303653532,120,487704,487692,,,,,,,,,,,,
primary-w2,candidate,1,4,541666229,120,1075360,944288,10000,10000,786560,100000000,9998251,0,9998251,120,1049201,92914,540144986,113141
primary-w2,candidate,1,5,535762497,120,954592,944288,10000,10000,786560,100000000,9998251,0,9998251,120,1052757,82705,534281359,89998
primary-w2,baseline,1,5,2310258182,120,487704,487692,,,,,,,,,,,,
primary-w2,baseline,1,6,2303711419,120,487704,487692,,,,,,,,,,,,
primary-w2,candidate,1,6,539326015,120,954592,944288,10000,10000,786560,100000000,9998251,0,9998251,120,857002,84257,537984178,107901
primary-w2,candidate,1,7,533819176,120,1451520,944288,10000,10000,786560,100000000,9998251,0,9998251,120,1160408,70653,532180223,89547
primary-w2,baseline,1,7,2314689452,120,487704,487692,,,,,,,,,,,,
primary-w2,baseline,1,8,2315872172,120,487704,487692,,,,,,,,,,,,
primary-w2,candidate,1,8,541948075,120,954592,944288,10000,10000,786560,100000000,9998251,0,9998251,120,813491,75281,540711895,88125
primary-w2,candidate,1,9,535701723,120,954592,944288,10000,10000,786560,100000000,9998251,0,9998251,120,871088,70642,534417342,88055
primary-w2,baseline,1,9,2326948518,120,487704,487692,,,,,,,,,,,,
build-10k,candidate,0,0,362925072,120,280864,239776,1000,1000,65664,100000000,9998251,0,9998251,120,1717319,144660,360453974,218829
build-10k,baseline,0,0,1998083899,120,315960,315660,,,,,,,,,,,,
build-10k,baseline,0,1,2011533591,120,315672,315660,,,,,,,,,,,,
build-10k,candidate,0,1,366255805,120,280864,239776,1000,1000,65664,100000000,9998251,0,9998251,120,867351,68908,364746074,217266
build-10k,candidate,0,2,359496766,120,370848,239776,1000,1000,65664,100000000,9998251,0,9998251,120,720175,76673,358216634,216835
build-10k,baseline,0,2,2002118908,120,315672,315660,,,,,,,,,,,,
build-10k,baseline,0,3,1987119871,120,315672,315660,,,,,,,,,,,,
build-10k,candidate,0,3,361941363,120,280864,239776,1000,1000,65664,100000000,9998251,0,9998251,120,674671,74960,360710373,231983
build-10k,candidate,0,4,358224327,120,280864,239776,1000,1000,65664,100000000,9998251,0,9998251,120,589412,68789,357105337,217076
build-10k,baseline,0,4,1988890339,120,315672,315660,,,,,,,,,,,,
build-10k,baseline,0,5,1990393748,120,315672,315660,,,,,,,,,,,,
build-10k,candidate,0,5,365228175,120,280864,239776,1000,1000,65664,100000000,9998251,0,9998251,120,546201,76964,364134231,207408
build-10k,candidate,0,6,360572275,120,370848,239776,1000,1000,65664,100000000,9998251,0,9998251,120,561489,69409,359476969,208911
build-10k,baseline,0,6,1990363691,120,315672,315660,,,,,,,,,,,,
build-10k,baseline,0,7,1985209220,120,315672,315660,,,,,,,,,,,,
build-10k,candidate,0,7,360969788,120,280864,239776,1000,1000,65664,100000000,9998251,0,9998251,120,502749,79809,359912411,210663
build-10k,candidate,0,8,361055748,120,280864,239776,1000,1000,65664,100000000,9998251,0,9998251,120,620870,103774,359873419,182391
build-10k,baseline,0,8,2008786556,120,315672,315660,,,,,,,,,,,,
build-10k,baseline,0,9,1993810141,120,315672,315660,,,,,,,,,,,,
build-10k,candidate,0,9,359193198,120,280864,239776,1000,1000,65664,100000000,9998251,0,9998251,120,522436,64360,358187318,172562
build-10k,baseline,1,0,1988497523,120,315672,315660,,,,,,,,,,,,
build-10k,candidate,1,0,361210638,120,280864,239776,1000,1000,65664,100000000,9998251,0,9998251,120,511236,73948,360163431,180547
build-10k,candidate,1,1,357336669,120,280864,239776,1000,1000,65664,100000000,9998251,0,9998251,120,513089,78116,356325579,169106
build-10k,baseline,1,1,2003623627,120,315672,315660,,,,,,,,,,,,
build-10k,baseline,1,2,1988463669,120,315672,315660,,,,,,,,,,,,
build-10k,candidate,1,2,360839854,120,280864,239776,1000,1000,65664,100000000,9998251,0,9998251,120,488302,74800,359857980,183252
build-10k,candidate,1,3,357678818,120,280864,239776,1000,1000,65664,100000000,9998251,0,9998251,120,617965,73327,356553846,180457
build-10k,baseline,1,3,1995355275,120,315672,315660,,,,,,,,,,,,
build-10k,baseline,1,4,1996987295,120,315672,315660,,,,,,,,,,,,
build-10k,candidate,1,4,360998221,120,280864,239776,1000,1000,65664,100000000,9998251,0,9998251,120,469277,73277,360050680,162654
build-10k,candidate,1,5,363831635,120,280864,239776,1000,1000,65664,100000000,9998251,0,9998251,120,414404,70322,362904673,181549
build-10k,baseline,1,5,1992278095,120,315672,315660,,,,,,,,,,,,
build-10k,baseline,1,6,1988323836,120,315672,315660,,,,,,,,,,,,
build-10k,candidate,1,6,362295995,120,280864,239776,1000,1000,65664,100000000,9998251,0,9998251,120,453257,72776,361260630,196538
build-10k,candidate,1,7,359450298,120,280864,239776,1000,1000,65664,100000000,9998251,0,9998251,120,359071,74009,358567999,190646
build-10k,baseline,1,7,1998104602,120,315672,315660,,,,,,,,,,,,
build-10k,baseline,1,8,2043092246,120,315672,315660,,,,,,,,,,,,
build-10k,candidate,1,8,360326685,120,280864,239776,1000,1000,65664,100000000,9998251,0,9998251,120,290823,65773,359558349,176821
build-10k,candidate,1,9,357809031,120,280864,239776,1000,1000,65664,100000000,9998251,0,9998251,120,311732,70692,357112089,94086
build-10k,baseline,1,9,2028252776,120,315672,315660,,,,,,,,,,,,
build-1m,candidate,0,0,481625594,120,12488704,8562848,100000,100000,8388736,100000000,9998251,0,9998251,120,8735333,128250,472124480,217266
build-1m,baseline,0,0,2874821899,120,9547684,5402892,,,,,,,,,,,,
build-1m,baseline,0,1,2922136931,120,9547684,5402892,,,,,,,,,,,,
build-1m,candidate,0,1,470810625,120,12488704,8562848,100000,100000,8388736,100000000,9998251,0,9998251,120,9557739,104565,460620623,208810
build-1m,candidate,0,2,473124007,120,12391296,8562848,100000,100000,8388736,100000000,9998251,0,9998251,120,9229797,104886,463259665,254355
build-1m,baseline,0,2,2893742272,120,9547684,5402892,,,,,,,,,,,,
build-1m,baseline,0,3,2924541262,120,9547684,5402892,,,,,,,,,,,,
build-1m,candidate,0,3,465400014,120,12488704,8562848,100000,100000,8388736,100000000,9998251,0,9998251,120,8271045,120234,456517146,208620
build-1m,candidate,0,4,461845242,120,12391296,8562848,100000,100000,8388736,100000000,9998251,0,9998251,120,6933416,92343,454332173,232975
build-1m,baseline,0,4,2887912888,120,9547684,5402892,,,,,,,,,,,,
build-1m,baseline,0,5,2869887465,120,9547684,5402892,,,,,,,,,,,,
build-1m,candidate,0,5,466021214,120,12488704,8562848,100000,100000,8388736,100000000,9998251,0,9998251,120,8954302,113792,456460680,197519
build-1m,candidate,0,6,461011884,120,12488704,8562848,100000,100000,8388736,100000000,9998251,0,9998251,120,8592906,97031,451831880,215993
build-1m,baseline,0,6,2856898434,120,9547684,5402892,,,,,,,,,,,,
build-1m,baseline,0,7,2879502811,120,9547684,5402892,,,,,,,,,,,,
build-1m,candidate,0,7,468411040,120,12488704,8562848,100000,100000,8388736,100000000,9998251,0,9998251,120,8670943,106519,459108647,245529
build-1m,candidate,0,8,462484706,120,12488704,8562848,100000,100000,8388736,100000000,9998251,0,9998251,120,8364821,112601,453536155,194444
build-1m,baseline,0,8,2877691326,120,9547684,5402892,,,,,,,,,,,,
build-1m,baseline,0,9,2859907095,120,9547684,5402892,,,,,,,,,,,,
build-1m,candidate,0,9,470141624,120,10391552,8562848,100000,100000,8388736,100000000,9998251,0,9998251,120,8419542,95980,461172775,194814
build-1m,baseline,1,0,2849100810,120,9547684,5402892,,,,,,,,,,,,
build-1m,candidate,1,0,461973520,120,12391296,8562848,100000,100000,8388736,100000000,9998251,0,9998251,120,6401973,96861,455020788,190135
build-1m,candidate,1,1,463047256,120,12391296,8562848,100000,100000,8388736,100000000,9998251,0,9998251,120,6405569,81713,456124802,174706
build-1m,baseline,1,1,2890859399,120,9547684,5402892,,,,,,,,,,,,
build-1m,baseline,1,2,2880235176,120,9547684,5402892,,,,,,,,,,,,
build-1m,candidate,1,2,470447945,120,12488704,8562848,100000,100000,8388736,100000000,9998251,0,9998251,120,8843194,109184,461039856,191518
build-1m,candidate,1,3,475951680,120,12391296,8562848,100000,100000,8388736,100000000,9998251,0,9998251,120,7643873,88977,467778968,182191
build-1m,baseline,1,3,2874988882,120,9547684,5402892,,,,,,,,,,,,
build-1m,baseline,1,4,2869108605,120,9547684,5402892,,,,,,,,,,,,
build-1m,candidate,1,4,463819409,120,12488704,8562848,100000,100000,8388736,100000000,9998251,0,9998251,120,7627363,97573,455657478,176530
build-1m,candidate,1,5,461004229,120,12391296,8562848,100000,100000,8388736,100000000,9998251,0,9998251,120,7957910,81212,452504035,183623
build-1m,baseline,1,5,2886888557,120,9057048,5402892,,,,,,,,,,,,
build-1m,baseline,1,6,2884596484,120,9547684,5402892,,,,,,,,,,,,
build-1m,candidate,1,6,462532304,120,12391296,8562848,100000,100000,8388736,100000000,9998251,0,9998251,120,6581889,102702,455361965,179125
build-1m,candidate,1,7,458542259,120,12391296,8562848,100000,100000,8388736,100000000,9998251,0,9998251,120,8229308,97602,449744809,178203
build-1m,baseline,1,7,2884717399,120,9057048,5402892,,,,,,,,,,,,
build-1m,baseline,1,8,2874335329,120,9547684,5402892,,,,,,,,,,,,
build-1m,candidate,1,8,463671162,120,12391296,8562848,100000,100000,8388736,100000000,9998251,0,9998251,120,6418814,91271,456691921,194714
build-1m,candidate,1,9,456677093,120,12391296,8562848,100000,100000,8388736,100000000,9998251,0,9998251,120,7083766,99836,449160738,96620
build-1m,baseline,1,9,2870016408,120,9547684,5402892,,,,,,,,,,,,
select-1pct,candidate,0,0,300655271,60,255264,234656,1000,1000,65664,100000000,1000554,0,1000554,60,726097,74169,299250898,158346
select-1pct,baseline,0,0,1609473227,60,310548,310540,,,,,,,,,,,,
select-1pct,baseline,0,1,1603188973,60,310548,310540,,,,,,,,,,,,
select-1pct,candidate,0,1,302227329,60,255264,234656,1000,1000,65664,100000000,1000554,0,1000554,60,734893,61845,300993584,107211
select-1pct,candidate,0,2,299068406,60,255264,234656,1000,1000,65664,100000000,1000554,0,1000554,60,936831,61014,297678359,109605
select-1pct,baseline,0,2,1606948068,60,310548,310540,,,,,,,,,,,,
select-1pct,baseline,0,3,1607191422,60,310548,310540,,,,,,,,,,,,
select-1pct,candidate,0,3,303129194,60,255264,234656,1000,1000,65664,100000000,1000554,0,1000554,60,657939,62106,302074052,123281
select-1pct,candidate,0,4,300086378,60,255264,234656,1000,1000,65664,100000000,1000554,0,1000554,60,718953,102081,298928725,142747
select-1pct,baseline,0,4,1614513985,60,310548,310540,,,,,,,,,,,,
select-1pct,baseline,0,5,1609221285,60,310548,310540,,,,,,,,,,,,
select-1pct,candidate,0,5,304925711,60,255264,234656,1000,1000,65664,100000000,1000554,0,1000554,60,574053,60373,304004580,111559
select-1pct,candidate,0,6,301282083,60,255264,234656,1000,1000,65664,100000000,1000554,0,1000554,60,535030,55554,300342457,116457
select-1pct,baseline,0,6,1612310978,60,310548,310540,,,,,,,,,,,,
select-1pct,baseline,0,7,1600526277,60,310548,310540,,,,,,,,,,,,
select-1pct,candidate,0,7,303923008,60,255264,234656,1000,1000,65664,100000000,1000554,0,1000554,60,529019,63749,303022485,126346
select-1pct,candidate,0,8,298699006,60,255264,234656,1000,1000,65664,100000000,1000554,0,1000554,60,534418,54151,297802370,109083
select-1pct,baseline,0,8,1600344978,60,310548,310540,,,,,,,,,,,,
select-1pct,baseline,0,9,1599929242,60,310548,310540,,,,,,,,,,,,
select-1pct,candidate,0,9,301106474,60,255264,234656,1000,1000,65664,100000000,1000554,0,1000554,60,510604,58419,300230207,116688
select-1pct,baseline,1,0,1613671540,60,310548,310540,,,,,,,,,,,,
select-1pct,candidate,1,0,305576738,60,255264,234656,1000,1000,65664,100000000,1000554,0,1000554,60,540850,58379,304697554,108794
select-1pct,candidate,1,1,300079946,60,255264,234656,1000,1000,65664,100000000,1000554,0,1000554,60,517748,48490,299227533,111949
select-1pct,baseline,1,1,1608181691,60,310548,310540,,,,,,,,,,,,
select-1pct,baseline,1,2,1606942525,60,310548,310540,,,,,,,,,,,,
select-1pct,candidate,1,2,303918269,60,255264,234656,1000,1000,65664,100000000,1000554,0,1000554,60,498141,62617,303039747,124303
select-1pct,candidate,1,3,300505080,60,255264,234656,1000,1000,65664,100000000,1000554,0,1000554,60,486448,49522,299632500,158647
select-1pct,baseline,1,3,1608885516,60,310548,310540,,,,,,,,,,,,
select-1pct,baseline,1,4,1607414387,60,310548,310540,,,,,,,,,,,,
select-1pct,candidate,1,4,304340116,60,255264,234656,1000,1000,65664,100000000,1000554,0,1000554,60,370652,56696,303629208,105176
select-1pct,candidate,1,5,299945564,60,255264,234656,1000,1000,65664,100000000,1000554,0,1000554,60,361576,67296,299224748,108292
select-1pct,baseline,1,5,1607242435,60,310548,310540,,,,,,,,,,,,
select-1pct,baseline,1,6,1609341287,60,310548,310540,,,,,,,,,,,,
select-1pct,candidate,1,6,302521498,60,255264,234656,1000,1000,65664,100000000,1000554,0,1000554,60,344233,59672,301841537,103393
select-1pct,candidate,1,7,298008245,60,255264,234656,1000,1000,65664,100000000,1000554,0,1000554,60,323424,45155,297368439,105227
select-1pct,baseline,1,7,1608526584,60,310548,310540,,,,,,,,,,,,
select-1pct,baseline,1,8,1606080264,60,310548,310540,,,,,,,,,,,,
select-1pct,candidate,1,8,301807995,60,255264,234656,1000,1000,65664,100000000,1000554,0,1000554,60,383767,55874,301089492,106689
select-1pct,candidate,1,9,299154276,60,255264,234656,1000,1000,65664,100000000,1000554,0,1000554,60,323044,50735,298485717,117659
select-1pct,baseline,1,9,1605957334,60,310548,310540,,,,,,,,,,,,
select-50pct,candidate,0,0,768420401,120,4499616,4368544,50000,50000,4194432,100000000,49994974,0,49994974,120,3497566,94837,764133941,198941
select-50pct,baseline,0,0,4799783765,120,3748196,2781452,,,,,,,,,,,,
select-50pct,baseline,0,1,4776760253,120,2781464,2781452,,,,,,,,,,,,
select-50pct,candidate,0,1,771447577,120,4596992,4368544,50000,50000,4194432,100000000,49994974,0,49994974,120,2826552,69850,768044298,191928
select-50pct,candidate,0,2,776678431,120,4596992,4368544,50000,50000,4194432,100000000,49994974,0,49994974,120,2978345,91672,773035064,219380
select-50pct,baseline,0,2,4746655287,120,2781464,2781452,,,,,,,,,,,,
select-50pct,baseline,0,3,4750490803,120,2781464,2781452,,,,,,,,,,,,
select-50pct,candidate,0,3,771788193,120,4409632,4368544,50000,50000,4194432,100000000,49994974,0,49994974,120,2486997,74880,768784029,188492
select-50pct,candidate,0,4,791145765,120,4596992,4368544,50000,50000,4194432,100000000,49994974,0,49994974,120,2943650,96620,787643089,194313
select-50pct,baseline,0,4,4737652303,120,2781464,2781452,,,,,,,,,,,,
select-50pct,baseline,0,5,4759195965,120,2781464,2781452,,,,,,,,,,,,
select-50pct,candidate,0,5,768271296,120,4409632,4368544,50000,50000,4194432,100000000,49994974,0,49994974,120,2514518,67907,765215816,200484
select-50pct,candidate,0,6,769519291,120,4596992,4368544,50000,50000,4194432,100000000,49994974,0,49994974,120,2901331,86812,766050339,178975
select-50pct,baseline,0,6,4730679392,120,2781464,2781452,,,,,,,,,,,,
select-50pct,baseline,0,7,4815702003,120,2781464,2781452,,,,,,,,,,,,
select-50pct,candidate,0,7,771465660,120,4409632,4368544,50000,50000,4194432,100000000,49994974,0,49994974,120,2450319,71613,768485872,197840
select-50pct,candidate,0,8,792458125,120,4596992,4368544,50000,50000,4194432,100000000,49994974,0,49994974,120,3182878,116308,788735209,173935
select-50pct,baseline,0,8,4728383730,120,2781464,2781452,,,,,,,,,,,,
select-50pct,baseline,0,9,4762465263,120,2781464,2781452,,,,,,,,,,,,
select-50pct,candidate,0,9,778085269,120,4409632,4368544,50000,50000,4194432,100000000,49994974,0,49994974,120,2692681,65332,774888596,183363
select-50pct,baseline,1,0,4748558122,120,2781464,2781452,,,,,,,,,,,,
select-50pct,candidate,1,0,774109378,120,4596992,4368544,50000,50000,4194432,100000000,49994974,0,49994974,120,2960011,84057,770644304,168274
select-50pct,candidate,1,1,776039966,120,4596992,4368544,50000,50000,4194432,100000000,49994974,0,49994974,120,2857079,86972,772676001,162754
select-50pct,baseline,1,1,4733616060,120,3748196,2781452,,,,,,,,,,,,
select-50pct,baseline,1,2,4735502676,120,2781464,2781452,,,,,,,,,,,,
select-50pct,candidate,1,2,786993965,120,4499616,4368544,50000,50000,4194432,100000000,49994974,0,49994974,120,2450449,72525,784052538,159448
select-50pct,candidate,1,3,775753641,120,4499616,4368544,50000,50000,4194432,100000000,49994974,0,49994974,120,2685348,53560,772608454,165078
select-50pct,baseline,1,3,4806125319,120,2781464,2781452,,,,,,,,,,,,
select-50pct,baseline,1,4,4734375588,120,2781464,2781452,,,,,,,,,,,,
select-50pct,candidate,1,4,772203988,120,4409632,4368544,50000,50000,4194432,100000000,49994974,0,49994974,120,2435601,69861,769286135,165179
select-50pct,candidate,1,5,776147196,120,4596992,4368544,50000,50000,4194432,100000000,49994974,0,49994974,120,2872768,81923,772755228,185056
select-50pct,baseline,1,5,4748438053,120,2781464,2781452,,,,,,,,,,,,
select-50pct,baseline,1,6,4769696446,120,2781464,2781452,,,,,,,,,,,,
select-50pct,candidate,1,6,777300741,120,4409632,4368544,50000,50000,4194432,100000000,49994974,0,49994974,120,2690408,72626,774108637,165739
select-50pct,candidate,1,7,771823727,120,4596992,4368544,50000,50000,4194432,100000000,49994974,0,49994974,120,3067111,83446,768234881,173013
select-50pct,baseline,1,7,4788229496,120,3748196,2781452,,,,,,,,,,,,
select-50pct,baseline,1,8,4777218649,120,2781464,2781452,,,,,,,,,,,,
select-50pct,candidate,1,8,775865870,120,4409632,4368544,50000,50000,4194432,100000000,49994974,0,49994974,120,2450118,62727,772916328,166211
select-50pct,candidate,1,9,776584672,120,4596992,4368544,50000,50000,4194432,100000000,49994974,0,49994974,120,2794552,60733,773412416,92192
select-50pct,baseline,1,9,4737049920,120,3748196,2781452,,,,,,,,,,,,
small-input,candidate,0,0,1409013,120,178464,157856,100,100,8320,100000,9946,0,9946,120,354081,44113,666456,67687
small-input,baseline,0,0,3659188,120,285976,285964,,,,,,,,,,,,
small-input,baseline,0,1,3353946,120,285976,285964,,,,,,,,,,,,
small-input,candidate,0,1,1388855,120,173312,157856,100,100,8320,100000,9946,0,9946,120,179064,64992,812638,87314
small-input,candidate,0,2,1156000,120,157856,157856,100,100,8320,100000,9946,0,9946,120,182461,32881,675532,52077
small-input,baseline,0,2,3327157,120,285964,285964,,,,,,,,,,,,
small-input,baseline,0,3,3890920,120,285976,285964,,,,,,,,,,,,
small-input,candidate,0,3,1275263,120,163008,157856,100,100,8320,100000,9946,0,9946,120,211455,40806,779095,40626
small-input,candidate,0,4,1087361,120,157856,157856,100,100,8320,100000,9946,0,9946,120,160810,40215,621251,40105
small-input,baseline,0,4,2102068,120,285964,285964,,,,,,,,,,,,
small-input,baseline,0,5,2096267,120,285964,285964,,,,,,,,,,,,
small-input,candidate,0,5,1021519,120,157856,157856,100,100,8320,100000,9946,0,9946,120,178955,32100,564685,58018
small-input,candidate,0,6,878792,120,157856,157856,100,100,8320,100000,9946,0,9946,120,149689,38362,413963,64310
small-input,baseline,0,6,2270272,120,285976,285964,,,,,,,,,,,,
small-input,baseline,0,7,2172229,120,285964,285964,,,,,,,,,,,,
small-input,candidate,0,7,1108110,120,157856,157856,100,100,8320,100000,9946,0,9946,120,152104,31289,680011,54712
small-input,candidate,0,8,1121495,120,157856,157856,100,100,8320,100000,9946,0,9946,120,175468,45305,552282,72055
small-input,baseline,0,8,2084305,120,285964,285964,,,,,,,,,,,,
small-input,baseline,0,9,2041425,120,285964,285964,,,,,,,,,,,,
small-input,candidate,0,9,1088514,120,157856,157856,100,100,8320,100000,9946,0,9946,120,216736,27401,491849,61224
small-input,baseline,1,0,1981753,120,285964,285964,,,,,,,,,,,,
small-input,candidate,1,0,989118,120,157856,157856,100,100,8320,100000,9946,0,9946,120,119483,26590,634306,54251
small-input,candidate,1,1,841332,120,157856,157856,100,100,8320,100000,9946,0,9946,120,141214,33532,446635,70362
small-input,baseline,1,1,1997042,120,285964,285964,,,,,,,,,,,,
small-input,baseline,1,2,1945265,120,285964,285964,,,,,,,,,,,,
small-input,candidate,1,2,947039,120,157856,157856,100,100,8320,100000,9946,0,9946,120,110587,27832,603277,50034
small-input,candidate,1,3,790767,120,157856,157856,100,100,8320,100000,9946,0,9946,120,117429,25167,447987,54612
small-input,baseline,1,3,1964981,120,285964,285964,,,,,,,,,,,,
small-input,baseline,1,4,2018292,120,285964,285964,,,,,,,,,,,,
small-input,candidate,1,4,894211,120,157856,157856,100,100,8320,100000,9946,0,9946,120,134030,26159,525642,55083
small-input,candidate,1,5,931851,120,157856,157856,100,100,8320,100000,9946,0,9946,120,163946,29085,425124,81402
small-input,baseline,1,5,2071961,120,285964,285964,,,,,,,,,,,,
small-input,baseline,1,6,1995079,120,285964,285964,,,,,,,,,,,,
small-input,candidate,1,6,1059790,120,157856,157856,100,100,8320,100000,9946,0,9946,120,153226,38001,600672,54121
small-input,candidate,1,7,1046836,120,157856,157856,100,100,8320,100000,9946,0,9946,120,213219,39253,460460,74319
small-input,baseline,1,7,2811253,120,285976,285964,,,,,,,,,,,,
small-input,baseline,1,8,2807065,120,285976,285964,,,,,,,,,,,,
small-input,candidate,1,8,1129070,120,157856,157856,100,100,8320,100000,9946,0,9946,120,149810,31208,657128,63809
small-input,candidate,1,9,1090398,120,157856,157856,100,100,8320,100000,9946,0,9946,120,153768,41898,618335,65171
small-input,baseline,1,9,2752324,120,285976,285964,,,,,,,,,,,,
build-heavy,candidate,0,0,9389275,120,12391296,8538272,100000,100000,8388736,100000,9946,0,9946,120,7777503,78827,1157202,55925
build-heavy,baseline,0,0,9768503,120,9843492,5394700,,,,,,,,,,,,
build-heavy,baseline,0,1,9910528,120,9547684,5394700,,,,,,,,,,,,
build-heavy,candidate,0,1,10279729,120,12488704,8538272,100000,100000,8388736,100000,9946,0,9946,120,8710476,82815,1166219,68198
build-heavy,candidate,0,2,8935437,120,12488704,8538272,100000,100000,8388736,100000,9946,0,9946,120,7224339,77535,1291964,69119
build-heavy,baseline,0,2,8669510,120,9843492,5394700,,,,,,,,,,,,
build-heavy,baseline,0,3,8480196,120,9843492,5394700,,,,,,,,,,,,
build-heavy,candidate,0,3,10552589,120,12488704,8538272,100000,100000,8388736,100000,9946,0,9946,120,8728600,102571,1418962,61455
build-heavy,candidate,0,4,8528126,120,12488704,8538272,100000,100000,8388736,100000,9946,0,9946,120,7030748,57167,1140601,59902
build-heavy,baseline,0,4,8076491,120,9843492,5394700,,,,,,,,,,,,
build-heavy,baseline,0,5,7958462,120,9843492,5394700,,,,,,,,,,,,
build-heavy,candidate,0,5,10417787,120,12488704,8538272,100000,100000,8388736,100000,9946,0,9946,120,8731416,88175,1219589,65623
build-heavy,candidate,0,6,8182400,120,12391296,8538272,100000,100000,8388736,100000,9946,0,9946,120,6803373,81582,916753,70061
build-heavy,baseline,0,6,7572480,120,9843492,5394700,,,,,,,,,,,,
build-heavy,baseline,0,7,8842212,120,9843492,5394700,,,,,,,,,,,,
build-heavy,candidate,0,7,10443164,120,12391296,8538272,100000,100000,8388736,100000,9946,0,9946,120,9198819,97482,859546,75241
build-heavy,candidate,0,8,9702620,120,12391296,8538272,100000,100000,8388736,100000,9946,0,9946,120,7560538,101329,1728400,70652
build-heavy,baseline,0,8,8021479,120,9843492,5394700,,,,,,,,,,,,
build-heavy,baseline,0,9,9360972,120,8956068,5394700,,,,,,,,,,,,
build-heavy,candidate,0,9,9657406,120,12391296,8538272,100000,100000,8388736,100000,9946,0,9946,120,8039022,71343,1170598,74068
build-heavy,baseline,1,0,7481861,120,9843492,5394700,,,,,,,,,,,,
build-heavy,candidate,1,0,8688004,120,12488704,8538272,100000,100000,8388736,100000,9946,0,9946,120,7347840,91150,966336,77024
build-heavy,candidate,1,1,7207398,120,12391296,8538272,100000,100000,8388736,100000,9946,0,9946,120,5947724,48340,903397,89377
build-heavy,baseline,1,1,7578892,120,9843492,5394700,,,,,,,,,,,,
build-heavy,baseline,1,2,7400469,120,9547684,5394700,,,,,,,,,,,,
build-heavy,candidate,1,2,10375317,120,12488704,8538272,100000,100000,8388736,100000,9946,0,9946,120,8568751,65823,1475347,61856
build-heavy,candidate,1,3,7740804,120,12391296,8538272,100000,100000,8388736,100000,9946,0,9946,120,6218951,62787,1203509,57367
build-heavy,baseline,1,3,8287265,120,9450264,5394700,,,,,,,,,,,,
build-heavy,baseline,1,4,8683215,120,9843492,5394700,,,,,,,,,,,,
build-heavy,candidate,1,4,8266316,120,12391296,8538272,100000,100000,8388736,100000,9946,0,9946,120,6580095,69099,1342679,63078
build-heavy,candidate,1,5,7919509,120,11245312,8538272,100000,100000,8388736,100000,9946,0,9946,120,6641621,65803,939716,52729
build-heavy,baseline,1,5,9698573,120,9450264,5394700,,,,,,,,,,,,
build-heavy,baseline,1,6,7730275,120,9843492,5394700,,,,,,,,,,,,
build-heavy,candidate,1,6,9383734,120,12488704,8538272,100000,100000,8388736,100000,9946,0,9946,120,7574243,94126,1393805,60894
build-heavy,candidate,1,7,8428359,120,10391552,8538272,100000,100000,8388736,100000,9946,0,9946,120,6670164,156303,1294750,61856
build-heavy,baseline,1,7,9803929,120,9843492,5394700,,,,,,,,,,,,
build-heavy,baseline,1,8,7935779,120,9547684,5394700,,,,,,,,,,,,
build-heavy,candidate,1,8,8443328,120,12391296,8538272,100000,100000,8388736,100000,9946,0,9946,120,6972569,70222,1138427,62888
build-heavy,candidate,1,9,9949953,120,12391296,8538272,100000,100000,8388736,100000,9946,0,9946,120,8442105,120906,1107990,80390
build-heavy,baseline,1,9,7861650,120,9843492,5394700,,,,,,,,,,,,
