case,repetition,arm,samples,median_ms,min_ms,max_ms,speedup,groups,sampled_query_peak_bytes_median,sampled_query_peak_bytes_max,sampled_batch_native_peak_delta_bytes_median,sampled_batch_native_peak_delta_bytes_max,sampled_native_peak_delta_bytes_median,sampled_native_peak_delta_bytes_max,retained_query_bytes_median,retained_query_bytes_max,retained_native_delta_bytes_median,retained_native_delta_bytes_max,build_ns_median,init_ns_median,probe_ns_median,merge_ns_median,build_rows_median,build_keys_median,build_bytes_median,scanned_rows_median,matched_pairs_median,null_extended_rows_median,surviving_rows_median,merge_cardinality_median,batch_median_ms,queries_per_second
build-beyond-cache,0,baseline,10,3705.7627965,3370.134226,3795.444306,1.0,120,109188120.0,109188120,111386904.0,111386904,,,84027404.0,84027404,,,,,,,,,,,,,,,3709.7980875,0.269556449276702
build-beyond-cache,0,candidate,10,693.0581965,665.507146,703.504112,5.346972036712649,120,167773312.0,167773312,169969784.0,169969784,,,134359216.0,134359216,,,270589076.5,119899.0,422250817.5,230251.0,2000000.0,2000000.0,134217856.0,10000000.0,10000000.0,0.0,10000000.0,120.0,700.6453145,1.4272556731698518
build-beyond-cache,1,baseline,10,3633.3860275,3576.824467,3773.802852,1.0,120,109188120.0,109188120,111386904.0,111386904,,,84027404.0,84027404,,,,,,,,,,,,,,,3637.3441795,0.27492586641538636
build-beyond-cache,1,candidate,10,688.4793395,661.599715,699.333988,5.277407496554223,120,167773312.0,167773312,169969784.0,169969784,,,134359216.0,134359216,,,265699699.0,112280.0,417914284.0,177146.0,2000000.0,2000000.0,134217856.0,10000000.0,10000000.0,0.0,10000000.0,120.0,695.9062375,1.4369751930841115
build-heavy,0,baseline,10,7.8845435,6.776512,9.212616,1.0,120,6951960.0,6951960,8047276.0,8047276,,,5384204.0,5384204,,,,,,,,,,,,,,,7.9973045,125.0421313831429
build-heavy,0,candidate,10,6.233228,5.883144,8.783874,1.264921401880374,120,8545600.0,10486912,9482760.0,11579912,,,8530096.0,8530096,,,5001426.0,60553.0,799890.0,59431.5,100000.0,100000.0,8388736.0,100000.0,10166.0,0.0,10166.0,120.0,6.365711,157.0916430230653
build-heavy,1,baseline,10,6.3303295,6.096052,7.761975,1.0,120,6168082.0,6951960,7260838.0,8047276,,,5384204.0,5384204,,,,,,,,,,,,,,,6.4280475,155.56823436665644
build-heavy,1,candidate,10,6.0186215,5.354156,6.506028,1.0517905968999712,120,8535264.0,8550768,9482760.0,9500288,,,8530096.0,8530096,,,4774061.0,54346.5,761168.0,58149.0,100000.0,100000.0,8388736.0,100000.0,10166.0,0.0,10166.0,120.0,6.1484345,162.643027261655
build-source-10m,0,baseline,10,238.3760495,237.118865,241.649521,1.0,120,469004.0,469004,11306328.0,11350120,,,469004.0,469004,,,,,,,,,,,,,,,238.677347,4.189756642468462
build-source-10m,0,candidate,10,36.9107245,36.206279,39.341709,6.458178557291662,120,969072.0,1049728,11649608.0,11758488,,,927920.0,927920,,,2164645.0,107787.0,34106270.0,197809.0,10000.0,10000.0,786560.0,10000000.0,999862.0,0.0,999862.0,120.0,37.1543305,26.91476300454398
build-source-10m,1,baseline,10,235.857468,230.787574,237.230253,1.0,120,469004.0,469004,11350120.0,11350120,,,469004.0,469004,,,,,,,,,,,,,,,236.0326,4.236702896125366
build-source-10m,1,candidate,10,35.258277,34.822754,37.188184,6.689421266955274,120,969072.0,969072,11649616.0,11671504,,,927920.0,927920,,,1641913.0,90258.5,32945150.5,155596.0,10000.0,10000.0,786560.0,10000000.0,999862.0,0.0,999862.0,120.0,35.4549805,28.204782117987627
cold-native,0,baseline,10,324.690639,318.622612,396.092303,1.0,120,469004.0,469004,864456.0,900904,,,469004.0,469004,,,,,,,,,,,,,,,324.9704065,3.077203277585216
cold-native,0,candidate,10,102.273428,100.487739,116.983337,3.1747311628197306,120,969072.0,1049728,1218620.0,1480328,,,927920.0,927920,,,4057692.0,379164.0,96804837.0,248434.5,10000.0,10000.0,786560.0,10000000.0,999862.0,0.0,999862.0,120.0,102.582416,9.748259389796395
cold-native,1,baseline,10,320.440736,314.359072,325.966591,1.0,120,469004.0,469004,849164.0,900904,,,469004.0,469004,,,,,,,,,,,,,,,320.6998205,3.1181807287603394
cold-native,1,candidate,10,100.4053675,99.250963,103.412125,3.1914701771297236,120,969072.0,969072,1218184.0,1219056,,,927920.0,927920,,,3701677.0,352754.5,95964378.5,172878.5,10000.0,10000.0,786560.0,10000000.0,999862.0,0.0,999862.0,120.0,100.662869,9.934149601875543
cold-parquet,0,baseline,10,397.791052,389.314687,447.95927,1.0,120,11504212.0,11504212,11533192.0,11533192,,,11504212.0,11504212,,,,,,,,,,,,,,,398.069207,2.5121259881827536
cold-parquet,0,candidate,10,74.928615,71.422674,89.441028,5.3089337364636995,120,13177868.0,13550304,13203988.0,13576904,,,927920.0,927920,,,6735008.5,400268.5,67083751.0,118622.0,10000.0,10000.0,786560.0,10000000.0,999862.0,0.0,999862.0,120.0,75.2151865,13.29518740208136
cold-parquet,1,baseline,10,392.231074,387.585938,403.236184,1.0,120,11504212.0,11505236,11533192.0,11534216,,,11504212.0,11504212,,,,,,,,,,,,,,,392.4929385,2.5478165386152547
cold-parquet,1,candidate,10,73.5336805,71.241214,75.830004,5.334032940184464,120,13101260.0,13254504,13127380.0,13280624,,,927920.0,927920,,,6038146.0,416173.5,66520437.0,114809.5,10000.0,10000.0,786560.0,10000000.0,999862.0,0.0,999862.0,120.0,73.77911,13.553972120292586
compressed-groups,0,baseline,10,652.1849385,650.352284,656.429961,1.0,6000,1051660.0,1051660,1068300.0,1068300,,,1051660.0,1051660,,,,,,,,,,,,,,,652.4468735,1.5326918414607131
compressed-groups,0,candidate,10,134.6623385,129.076065,155.993626,4.843113121045347,6000,6690816.0,6690816,6723584.0,6723584,,,1579008.0,1579008,,,382385.0,61885.5,132152584.0,452214.5,100.0,100.0,6144.0,10000000.0,10000000.0,0.0,10000000.0,6000.0,134.9876715,7.408083930094312
compressed-groups,1,baseline,10,651.081957,650.670759,654.855319,1.0,6000,1051660.0,1051660,1068300.0,1068300,,,1051660.0,1051660,,,,,,,,,,,,,,,651.3416675,1.5352925352345894
compressed-groups,1,candidate,10,129.4597615,124.705899,143.780813,5.029222589754269,6000,6690816.0,6711296,6723584.0,6744064,,,1579008.0,1579008,,,271402.0,54141.0,127026174.0,432548.0,100.0,100.0,6144.0,10000000.0,10000000.0,0.0,10000000.0,6000.0,129.7470135,7.707306496114456
concurrent-2,0,baseline,20,236.714433,234.877486,241.15118,1.0,120,469004.0,469004,971312.0,1637936,,,469004.0,469004,,,,,,,,,,,,,,,237.1148215,8.434732115638752
concurrent-2,0,candidate,20,58.486459,36.200809,78.339974,4.047337401636847,120,969072.0,1049728,2003680.0,2428160,,,927920.0,927920,,,969517.0,64320.5,56990789.0,198546.5,10000.0,10000.0,786560.0,10000000.0,999862.0,0.0,999862.0,120.0,71.3733355,28.021669240888986
concurrent-2,1,baseline,20,235.767034,234.65518,239.542473,1.0,120,469004.0,470028,971312.0,973360,,,469004.0,469004,,,,,,,,,,,,,,,236.088298,8.471406744607053
concurrent-2,1,candidate,20,59.2953155,34.732624,74.113987,3.9761494143664686,120,969072.0,969072,2003680.0,2011176,,,927920.0,927920,,,836087.0,53971.0,58089277.0,61625.5,10000.0,10000.0,786560.0,10000000.0,999862.0,0.0,999862.0,120.0,68.3019505,29.281740643702406
concurrent-4,0,baseline,40,237.109772,233.914887,247.216374,1.0,120,469004.0,469004,2098804.0,2291828,,,469004.0,469004,,,,,,,,,,,,,,,239.877485,16.675178998145658
concurrent-4,0,candidate,40,90.2062085,39.097361,152.567643,2.6285305184952983,120,969072.0,1049728,4008716.0,4702000,,,927920.0,927920,,,1050398.0,52904.0,88695766.5,61915.5,10000.0,10000.0,786560.0,10000000.0,999862.0,0.0,999862.0,120.0,143.114338,27.94968034579456
concurrent-4,1,baseline,40,236.160067,232.7126,240.126886,1.0,120,469004.0,469004,2034764.0,2350264,,,469004.0,469004,,,,,,,,,,,,,,,237.616208,16.83386850445825
concurrent-4,1,candidate,40,97.5939385,40.259433,146.887458,2.419823102025952,120,969072.0,1049728,3929688.0,4534792,,,927920.0,927920,,,927813.5,39458.5,96467879.5,40856.5,10000.0,10000.0,786560.0,10000000.0,999862.0,0.0,999862.0,120.0,119.0382515,33.602644104697724
concurrent-scalar-left,0,baseline,40,337.6563235,333.225479,353.858305,1.0,1,262152.0,327696,1260140.0,1853544,,,262152.0,262152,,,,,,,,,,,,,,,344.116366,11.623974896910308
concurrent-scalar-left,0,candidate,40,208.252867,76.773637,286.270774,1.6213765907001896,1,787392.0,917504,3359796.0,4213128,,,787392.0,787392,,,1005860.0,66719.5,207072856.0,13595.0,10000.0,10000.0,786432.0,10000000.0,999862.0,9000138.0,10000000.0,1.0,269.2813605,14.854351569573268
concurrent-scalar-left,1,baseline,40,339.0419025,334.674205,344.188987,1.0,1,262152.0,262152,1146272.0,1526288,,,262152.0,262152,,,,,,,,,,,,,,,340.6719185,11.741501963567332
concurrent-scalar-left,1,candidate,40,207.4662775,70.811986,314.153859,1.6342024669527315,1,787392.0,787392,3280640.0,3280640,,,787392.0,787392,,,702848.0,38792.5,206706803.5,8791.5,10000.0,10000.0,786432.0,10000000.0,999862.0,9000138.0,10000000.0,1.0,254.833828,15.696503213066359
empty-build-left,0,baseline,10,443.011905,441.694988,449.289581,1.0,60,268296.0,268296,284940.0,284940,,,268296.0,268296,,,,,,,,,,,,,,,443.258385,2.256020492426782
empty-build-left,0,candidate,10,81.958591,80.668275,84.762156,5.405313824880176,60,157936.0,157936,190704.0,190704,,,137264.0,137264,,,433440.0,84357.5,81078742.5,137251.5,0.0,0.0,1024.0,10000000.0,0.0,10000000.0,10000000.0,60.0,82.2005845,12.165363617335348
empty-build-left,1,baseline,10,441.775268,441.244617,442.615348,1.0,60,268296.0,268296,284940.0,284940,,,268296.0,268296,,,,,,,,,,,,,,,441.9955645,2.2624661429153323
empty-build-left,1,candidate,10,81.51379,80.116254,82.471515,5.4196384194625224,60,157936.0,157936,190704.0,190704,,,137264.0,137264,,,323199.0,71103.0,80823686.0,116132.0,0.0,0.0,1024.0,10000000.0,0.0,10000000.0,10000000.0,60.0,81.7691325,12.22955373777507
empty-build,0,baseline,10,53.0599135,51.889105,54.591005,1.0,0,268812.0,268812,285456.0,285456,,,268812.0,268812,,,,,,,,,,,,,,,53.208882,18.793854755301943
empty-build,0,candidate,10,0.467819,0.311843,0.815885,113.41974887723671,0,137264.0,137264,139312.0,139312,,,137264.0,137264,,,336489.0,56240.0,421.0,21785.5,0.0,0.0,1024.0,0.0,0.0,0.0,0.0,0.0,0.624848,1600.3892146570047
empty-build,1,baseline,10,51.1951135,50.929202,52.834002,1.0,0,268812.0,268812,285456.0,285456,,,268812.0,268812,,,,,,,,,,,,,,,51.37508,19.46468988466782
empty-build,1,candidate,10,0.3696155,0.247282,0.500796,138.5091087900805,0,137264.0,137264,139312.0,139312,,,137264.0,137264,,,259710.0,52858.5,446.0,20423.0,0.0,0.0,1024.0,0.0,0.0,0.0,0.0,0.0,0.4707495,2124.2720385257976
fanout-10,0,baseline,10,634.6282565,628.975087,646.109126,1.0,120,2435084.0,2436108,2476704.0,3408088,,,2435084.0,2435084,,,,,,,,,,,,,,,634.880273,1.5751001291545879
fanout-10,0,candidate,10,108.944179,108.271317,111.403731,5.825260810859844,120,4901232.0,4901232,5812744.0,5830272,,,4860080.0,4860080,,,3517598.5,81592.5,104802489.5,208775.5,100000.0,10000.0,4718720.0,10000000.0,9998620.0,0.0,9998620.0,120.0,109.1883405,9.15848702728475
fanout-10,1,baseline,10,641.874232,631.832166,650.04441,1.0,120,2435084.0,2435084,2476704.0,2575020,,,2435084.0,2435084,,,,,,,,,,,,,,,642.1264585,1.557325643201167
fanout-10,1,candidate,10,109.961606,108.269012,116.108332,5.837257706112441,120,4901232.0,6816896,5812744.0,7909896,,,4860080.0,4860080,,,3656021.5,86541.5,105420604.5,168555.0,100000.0,10000.0,4718720.0,10000000.0,9998620.0,0.0,9998620.0,120.0,110.2073295,9.0738066563894
high-cardinality,0,baseline,10,432.2685405,413.654166,458.50552,1.0,486759,59047948.0,59047948,59064588.0,59064588,,,59047948.0,59047948,,,,,,,,,,,,,,,434.3706285,2.3021814422703306
high-cardinality,0,candidate,10,234.2234585,210.474263,251.097686,1.8455390560292662,486759,97120256.0,98492416,97153024.0,98525184,,,59506688.0,59506688,,,1139719.5,72380.0,58198385.0,8131891.5,10000.0,10000.0,786432.0,10000000.0,999862.0,0.0,999862.0,486759.0,234.854878,4.25794860432918
high-cardinality,1,baseline,10,426.7729205,407.553034,452.831097,1.0,486759,59047948.0,59047948,59064588.0,59064588,,,59047948.0,59047948,,,,,,,,,,,,,,,428.9104155,2.331489196489331
high-cardinality,1,candidate,10,221.314536,212.983873,234.95973,1.9283546766218735,486759,96473088.0,98287616,96505856.0,98320384,,,59506688.0,59506688,,,772539.0,68929.0,58359417.0,8091836.0,10000.0,10000.0,786432.0,10000000.0,999862.0,0.0,999862.0,486759.0,221.8194245,4.508171465389407
hot-chain,0,baseline,10,3681.774959,3649.544491,3696.92476,1.0,60,268812.0,268812,285460.0,285460,,,268812.0,268812,,,,,,,,,,,,,,,3682.030672,0.2715892639364738
hot-chain,0,candidate,10,636.0957235,633.312643,647.946719,5.788083181477323,60,190832.0,190832,199024.0,199024,,,170160.0,170160,,,559540.5,61189.5,635079559.0,78712.0,1000.0,1.0,33920.0,100000.0,90099000.0,0.0,90099000.0,60.0,636.353545,1.5714534913135434
hot-chain,1,baseline,10,3678.22009,3672.492543,3691.526251,1.0,60,268812.0,268812,285460.0,285460,,,268812.0,268812,,,,,,,,,,,,,,,3678.470873,0.2718520914056997
hot-chain,1,candidate,10,640.352122,629.381246,645.253856,5.744058563453937,60,190832.0,190832,199024.0,309424,,,170160.0,170160,,,422479.5,58740.5,639576256.5,75281.0,1000.0,1.0,33920.0,100000.0,90099000.0,0.0,90099000.0,60.0,640.586585,1.5610692190814455
hot-key-90pct,0,baseline,10,471.560762,470.100548,475.32956,1.0,120,469004.0,470028,485656.0,892696,,,469004.0,469004,,,,,,,,,,,,,,,471.8123925,2.1194865075528937
hot-key-90pct,0,candidate,10,83.203833,82.180231,88.683974,5.66753651841977,120,969072.0,1049728,1001840.0,1476224,,,927920.0,927920,,,878451.5,64826.0,81567259.5,218534.0,10000.0,10000.0,786560.0,10000000.0,9099964.0,0.0,9099964.0,120.0,83.446767,11.983687756291385
hot-key-90pct,1,baseline,10,470.3522785,468.148881,472.00106,1.0,120,469004.0,469004,485656.0,485656,,,469004.0,469004,,,,,,,,,,,,,,,470.595393,2.124967678975982
hot-key-90pct,1,candidate,10,82.4901145,81.953206,89.370898,5.701922967993941,120,969072.0,969072,1001840.0,1001840,,,927920.0,927920,,,715066.0,62351.0,81166786.5,163516.0,10000.0,10000.0,786560.0,10000000.0,9099964.0,0.0,9099964.0,120.0,82.727558,12.087870404684253
inner-swapped,0,baseline,10,37.2658795,30.926393,43.517953,1.0,120,17115148.0,17115148,17166264.0,17166264,,,17115148.0,17115148,,,,,,,,,,,,,,,37.4433455,26.7070152692419
inner-swapped,0,candidate,10,38.5167315,36.047623,39.628795,0.9675244510298077,120,50855936.0,50855936,50860032.0,50860032,,,34220080.0,34220080,,,32274452.0,187535.5,5367886.0,216144.0,1000000.0,10000.0,34078720.0,10000.0,100044.0,0.0,100044.0,120.0,40.62441,24.615742111700822
inner-swapped,1,baseline,10,34.715022,29.50205,42.374887,1.0,120,17115148.0,17115148,17166264.0,17166264,,,17115148.0,17115148,,,,,,,,,,,,,,,34.8572475,28.688438466060752
inner-swapped,1,candidate,10,37.7665545,35.636724,40.105455,0.9192001351354411,120,50855936.0,50855936,50860032.0,50860032,,,34220080.0,34220080,,,32415349.5,143348.0,5248693.5,178208.0,1000000.0,10000.0,34078720.0,10000.0,100044.0,0.0,100044.0,120.0,40.1442025,24.91019718227059
inner,0,baseline,10,235.6014365,233.725466,237.277174,1.0,120,469004.0,469004,485656.0,892696,,,469004.0,469004,,,,,,,,,,,,,,,235.8561225,4.239872975949564
inner,0,candidate,10,37.803323,36.263056,39.249727,6.232294354123313,120,969072.0,1049728,1001840.0,1476224,,,927920.0,927920,,,1045999.5,82199.0,35838371.5,196251.5,10000.0,10000.0,786560.0,10000000.0,999862.0,0.0,999862.0,120.0,38.0425,26.286390221462838
inner,1,baseline,10,234.7313255,234.35914,235.476808,1.0,120,469004.0,469004,485656.0,485656,,,469004.0,469004,,,,,,,,,,,,,,,234.9457515,4.2563016935422215
inner,1,candidate,10,35.9585605,34.694153,40.422398,6.527828762778198,120,969072.0,969072,1001840.0,1001840,,,927920.0,927920,,,779752.0,75802.0,34459424.5,158826.5,10000.0,10000.0,786560.0,10000000.0,999862.0,0.0,999862.0,120.0,36.197748,27.626028005941144
left-swapped,0,baseline,10,41.128016,37.110979,47.325137,1.0,120,17049608.0,17049608,17100724.0,17100724,,,17049608.0,17049608,,,,,,,,,,,,,,,41.3437845,24.187432575264125
left-swapped,0,candidate,10,33.7304925,32.73379,36.120328,1.2193126441898232,120,50855936.0,50855936,50860032.0,50860032,,,34220080.0,34220080,,,28865426.0,188407.5,4726056.5,204948.0,1000000.0,10000.0,34078720.0,10000.0,100044.0,0.0,100044.0,120.0,35.6339245,28.06314527606972
left-swapped,1,baseline,10,35.0748745,29.772836,42.698601,1.0,120,17049608.0,17049608,17100724.0,17100724,,,17049608.0,17049608,,,,,,,,,,,,,,,35.2596245,28.361050753674363
left-swapped,1,candidate,10,33.308754,31.98994,35.000977,1.0530227128880294,120,50855936.0,50855936,50860032.0,50860032,,,34220080.0,34220080,,,27862887.5,149544.5,4769788.5,164758.0,1000000.0,10000.0,34078720.0,10000.0,100044.0,0.0,100044.0,120.0,34.859703,28.686417666840132
left,0,baseline,10,595.1605895,594.503697,597.056688,1.0,180,413704.0,415752,430356.0,827156,,,413704.0,413704,,,,,,,,,,,,,,,595.355048,1.679669977367858
left,0,candidate,10,97.275004,95.955283,99.8601,6.118330146766172,180,1012080.0,1049728,1044848.0,1476224,,,938160.0,938160,,,1036737.5,76869.0,95368260.5,218382.5,10000.0,10000.0,786560.0,10000000.0,999862.0,9000138.0,10000000.0,180.0,97.482081,10.2582955733167
left,1,baseline,10,595.268977,593.99683,602.851055,1.0,180,413704.0,415752,430356.0,432404,,,413704.0,413704,,,,,,,,,,,,,,,595.541055,1.679145361355482
left,1,candidate,10,96.36837,95.677193,99.179508,6.177016141292003,180,1012080.0,1012080,1044848.0,1102000,,,938160.0,938160,,,825953.5,75521.0,95000284.0,193747.0,10000.0,10000.0,786560.0,10000000.0,999862.0,9000138.0,10000000.0,180.0,96.599262,10.352045960765208
match-001pct,0,baseline,10,74.2396975,74.061359,75.576701,1.0,120,273932.0,273932,290584.0,290584,,,273932.0,273932,,,,,,,,,,,,,,,74.3834005,13.443859695551295
match-001pct,0,candidate,10,12.322918,11.687811,12.992239,6.024522560322158,120,179824.0,183920,212592.0,216688,,,142768.0,142768,,,394727.5,61204.0,11293920.5,162684.0,10.0,10.0,1408.0,10000000.0,992.0,0.0,992.0,120.0,12.5031295,79.97997621315527
match-001pct,1,baseline,10,74.623089,73.988583,74.956412,1.0,120,273932.0,273932,290584.0,290584,,,273932.0,273932,,,,,,,,,,,,,,,74.767809,13.374739923166667
match-001pct,1,candidate,10,12.1488425,11.447562,12.516159,6.142403196024642,120,179824.0,183920,212592.0,306608,,,142768.0,142768,,,309975.0,54967.5,11319643.5,125700.0,10.0,10.0,1408.0,10000000.0,992.0,0.0,992.0,120.0,12.328133,81.11528323064003
match-100pct,0,baseline,10,776.184531,766.640345,783.203437,1.0,120,6951960.0,6951960,7029056.0,7029056,,,5384204.0,5384204,,,,,,,,,,,,,,,776.44118,1.2879275671596913
match-100pct,0,candidate,10,116.2684665,114.377017,124.846351,6.67579571972767,120,8571248.0,8571248,8677192.0,8677192,,,8530096.0,8530096,,,5724112.0,79107.5,110267652.5,216228.5,100000.0,100000.0,8388736.0,10000000.0,10000000.0,0.0,10000000.0,120.0,116.5397335,8.580764430871124
match-100pct,1,baseline,10,772.62578,767.910169,782.323763,1.0,120,6951960.0,6951960,7029056.0,7029056,,,5384204.0,5384204,,,,,,,,,,,,,,,772.876929,1.2938670601720084
match-100pct,1,candidate,10,115.837321,115.007334,121.801241,6.6699210006764575,120,8571248.0,8571248,8677192.0,8693936,,,8530096.0,8530096,,,5262689.5,76363.0,109523041.5,167748.5,100000.0,100000.0,8388736.0,10000000.0,10000000.0,0.0,10000000.0,120.0,116.0961895,8.613547131105452
match-1pct,0,baseline,10,167.6256285,165.985448,169.665726,1.0,120,296972.0,296972,313624.0,313624,,,296972.0,296972,,,,,,,,,,,,,,,167.870351,5.956978072917712
match-1pct,0,candidate,10,31.9192725,31.105246,32.955975,5.251549154198298,120,248176.0,248176,280944.0,493184,,,207024.0,207024,,,735579.5,65968.5,30540316.0,190942.5,1000.0,1000.0,65664.0,10000000.0,99284.0,0.0,99284.0,120.0,32.161636,31.092945644929255
match-1pct,1,baseline,10,167.1309735,166.412587,171.437977,1.0,120,296972.0,296972,313624.0,313624,,,296972.0,296972,,,,,,,,,,,,,,,167.38077,5.974401957883215
match-1pct,1,candidate,10,31.6867485,30.959294,32.970792,5.274475337852983,120,248176.0,248176,280944.0,444032,,,207024.0,207024,,,577579.0,68552.5,30433912.0,153712.0,1000.0,1000.0,65664.0,10000000.0,99284.0,0.0,99284.0,120.0,31.898334,31.34959963739799
match-50pct,0,baseline,10,486.3351825,484.875039,489.32758,1.0,120,2762764.0,2762764,2779416.0,3186456,,,2762764.0,2762764,,,,,,,,,,,,,,,486.5889015,2.0551229115939873
match-50pct,0,candidate,10,79.928613,79.537141,82.60797,6.0846193152382115,120,4376944.0,4376944,4409712.0,4621952,,,4335792.0,4335792,,,2732270.5,90093.0,76692410.5,217331.5,50000.0,50000.0,4194432.0,10000000.0,4996817.0,0.0,4996817.0,120.0,80.196884,12.469312398721128
match-50pct,1,baseline,10,488.852857,485.995683,491.800881,1.0,120,3153426.0,3544088,3376158.0,3974212,,,2762764.0,2762764,,,,,,,,,,,,,,,489.0890985,2.044617234501701
match-50pct,1,candidate,10,79.749789,79.325026,84.089058,6.129832606829844,120,4376944.0,4376944,4515832.0,4621952,,,4335792.0,4335792,,,2695001.5,85469.5,76397249.0,164237.0,50000.0,50000.0,4194432.0,10000000.0,4996817.0,0.0,4996817.0,120.0,79.9933845,12.501033757360272
mixed,0,baseline,10,301.3532185,299.94605,306.61379,1.0,120,11504212.0,11504212,11527032.0,11527032,,,11504212.0,11504212,,,,,,,,,,,,,,,301.61348,3.3155016811582825
mixed,0,candidate,10,39.787721,38.661006,40.61133,7.5740256271526585,120,13117644.0,14119932,13152180.0,14154228,,,927920.0,927920,,,1398103.0,86992.5,37707653.5,146413.0,10000.0,10000.0,786560.0,10000000.0,999862.0,0.0,999862.0,120.0,40.056669,24.964631981755648
mixed,1,baseline,10,301.582252,300.448098,309.94266,1.0,120,11504212.0,11504212,11527032.0,11527032,,,11504212.0,11504212,,,,,,,,,,,,,,,301.863558,3.3127549632870887
mixed,1,candidate,10,38.524656,38.25132,40.69173,7.828291886629695,120,13194266.0,14119932,13228562.0,14154228,,,927920.0,927920,,,913828.0,57477.5,37095355.5,131685.5,10000.0,10000.0,786560.0,10000000.0,999862.0,0.0,999862.0,120.0,38.789651,25.780072112533315
near-input-groups,0,baseline,10,37.080402,35.199627,45.126117,1.0,99157,19922956.0,19922956,19939596.0,19939596,,,19922956.0,19922956,,,,,,,,,,,,,,,37.3324885,26.78632044579616
near-input-groups,0,candidate,10,32.1390485,30.065534,36.291098,1.1537492156931777,99157,29159424.0,29876224,29166592.0,29884416,,,20889600.0,20889600,,,4375210.5,65998.5,3860053.0,1070200.0,100000.0,100000.0,6291456.0,100000.0,100000.0,0.0,100000.0,99157.0,32.5264275,30.744230979562694
near-input-groups,1,baseline,10,35.9157955,35.043746,41.402669,1.0,99157,19922956.0,19922956,19939596.0,19939596,,,19922956.0,19922956,,,,,,,,,,,,,,,36.1615545,27.653678439072635
near-input-groups,1,candidate,10,32.0807845,30.648823,36.444123,1.1195423073273036,99157,29356032.0,29965312,29364224.0,29973504,,,20889600.0,20889600,,,4172822.5,60047.5,3888896.5,990205.5,100000.0,100000.0,6291456.0,100000.0,100000.0,0.0,100000.0,99157.0,32.4535665,30.813254376834053
near-memory-limit,0,baseline,10,2580.33455,2266.523302,2666.990316,1.0,120,54662168.0,54662168,55775008.0,55775008,,,42084364.0,42084364,,,,,,,,,,,,,,,2581.891937,0.387312879237672
near-memory-limit,0,candidate,10,413.4232755,398.547483,431.664283,6.241386740694042,120,83887232.0,83887232,84997760.0,84997760,,,67250352.0,67250352,,,103248769.5,117570.0,311858624.0,214086.0,1000000.0,1000000.0,67108992.0,10000000.0,10000000.0,0.0,10000000.0,120.0,418.6162705,2.3888225816105733
near-memory-limit,1,baseline,10,2532.822215,1903.443923,2646.459651,1.0,120,54662168.0,54662168,55775008.0,55775008,,,42084364.0,42084364,,,,,,,,,,,,,,,2534.4290795,0.3945661798503681
near-memory-limit,1,candidate,10,412.1814015,383.260577,423.530108,6.144921157972238,120,83887232.0,83887232,84997760.0,84997760,,,67250352.0,67250352,,,99771120.0,112440.0,311845724.5,179720.5,1000000.0,1000000.0,67108992.0,10000000.0,10000000.0,0.0,10000000.0,120.0,417.430902,2.3956060636833256
parquet-scalar-right,0,baseline,10,242.5158095,233.593379,259.740154,1.0,1,47687224.0,47687224,47821512.0,47833632,,,47495080.0,47495080,,,,,,,,,,,,,,,242.853586,4.11770736628118
parquet-scalar-right,0,candidate,10,9.6203095,6.960706,11.483825,25.208732577678504,1,3136238.0,3151568,3146198.0,3161768,,,787392.0,787392,,,1328238.5,87072.5,7916759.5,13836.0,10000.0,10000.0,786432.0,1000000.0,99347.0,900653.0,1000000.0,1.0,9.801259,102.02770888923556
parquet-scalar-right,1,baseline,10,244.760646,234.894701,254.556559,1.0,1,47687224.0,47687224,47825948.0,47833632,,,47495080.0,47495080,,,,,,,,,,,,,,,245.08077,4.080287490528122
parquet-scalar-right,1,candidate,10,7.92469,7.156703,9.612255,30.88583225337521,1,3136224.0,3151568,3145944.0,3161288,,,787392.0,787392,,,775210.0,78722.0,7076278.0,10530.0,10000.0,10000.0,786432.0,1000000.0,99347.0,900653.0,1000000.0,1.0,8.079469,123.77051016595274
parquet,0,baseline,10,321.873485,320.006586,332.627962,1.0,120,11504212.0,11504212,11524984.0,11524984,,,11504212.0,11504212,,,,,,,,,,,,,,,322.140184,3.1042386192962503
parquet,0,candidate,10,43.1666905,41.631617,47.115314,7.45652449311582,120,13254504.0,14103548,13272416.0,14121460,,,927920.0,927920,,,1272117.0,68658.5,40744404.0,129076.0,10000.0,10000.0,786560.0,10000000.0,999862.0,0.0,999862.0,120.0,43.432347,23.02431411316547
parquet,1,baseline,10,321.592405,317.473082,327.614543,1.0,120,11504212.0,11504212,11524984.0,11524984,,,11504212.0,11504212,,,,,,,,,,,,,,,321.8716865,3.106828099339517
parquet,1,candidate,10,42.1675535,40.835539,44.651049,7.626536953347317,120,13254504.0,14103548,13272416.0,14121460,,,927920.0,927920,,,859741.5,60448.0,40609807.5,115997.0,10000.0,10000.0,786560.0,10000000.0,999862.0,0.0,999862.0,120.0,42.4066155,23.581226377285404
post-null-accepting,0,baseline,10,629.3858955,624.369982,640.330578,1.0,180,413704.0,413704,430356.0,827156,,,413704.0,413704,,,,,,,,,,,,,,,629.64261,1.588202551920684
post-null-accepting,0,candidate,10,93.484835,92.588581,94.444038,6.732491911656045,180,1012080.0,1049728,1044848.0,1477096,,,938160.0,938160,,,1131374.5,81552.5,91332528.5,248139.0,10000.0,10000.0,786560.0,10000000.0,999862.0,9000138.0,9102075.0,180.0,93.72792,10.669179471815868
post-null-accepting,1,baseline,10,628.950101,623.953925,636.14181,1.0,180,413704.0,413704,430356.0,430356,,,413704.0,413704,,,,,,,,,,,,,,,629.178929,1.5893729969459929
post-null-accepting,1,candidate,10,93.7593685,91.49673,96.834725,6.708130729357461,180,1012080.0,1012080,1044848.0,1207328,,,938160.0,938160,,,749761.0,78146.5,92015895.5,202198.0,10000.0,10000.0,786560.0,10000000.0,999862.0,9000138.0,9102075.0,180.0,94.0056585,10.637657519307734
post-reject-all,0,baseline,10,218.6186285,217.542983,220.088199,1.0,0,398344.0,398344,414996.0,827156,,,398344.0,398344,,,,,,,,,,,,,,,218.8508215,4.569322578485272
post-reject-all,0,candidate,10,30.088752,29.553076,31.106649,7.2657924961460685,0,943472.0,1049728,976240.0,1476224,,,922800.0,922800,,,948952.5,80816.0,28794694.0,20112.5,10000.0,10000.0,786560.0,10000000.0,999862.0,9000138.0,0.0,0.0,30.2846485,33.020029933647734
post-reject-all,1,baseline,10,217.5038705,216.586806,220.435659,1.0,0,398344.0,398344,414996.0,414996,,,398344.0,398344,,,,,,,,,,,,,,,217.730514,4.592833506101951
post-reject-all,1,candidate,10,29.8119445,29.063391,30.753338,7.295863257091465,0,943472.0,1049728,976240.0,1476224,,,922800.0,922800,,,791804.5,63659.0,28800900.5,18419.5,10000.0,10000.0,786560.0,10000000.0,999862.0,9000138.0,0.0,0.0,29.9963195,33.33742327954601
post-selective,0,baseline,10,264.502096,262.992184,271.063166,1.0,120,403464.0,403464,420116.0,827156,,,403464.0,403464,,,,,,,,,,,,,,,264.7132105,3.777673196253271
post-selective,0,candidate,10,38.2579725,37.103455,44.599573,6.913646456303977,120,969072.0,1049728,1001840.0,1476224,,,927920.0,927920,,,1053188.0,81587.0,36012296.0,205524.0,10000.0,10000.0,786560.0,10000000.0,999862.0,9000138.0,101937.0,120.0,38.5056505,25.97021442346494
post-selective,1,baseline,10,263.3155835,262.076523,265.674737,1.0,120,403464.0,403464,420116.0,420116,,,403464.0,403464,,,,,,,,,,,,,,,263.5053185,3.7949898153573702
post-selective,1,candidate,10,37.3826975,35.882674,38.976666,7.043782313997004,120,969072.0,969072,1001840.0,1073704,,,927920.0,927920,,,867155.0,66394.5,35897492.0,155115.0,10000.0,10000.0,786560.0,10000000.0,999862.0,9000138.0,101937.0,120.0,37.6179465,26.583056573808463
primary-w1,0,baseline,10,2228.1409755,2224.564355,2231.13318,1.0,120,469004.0,469004,,,487704.0,1267992,,,487692.0,487692,,,,,,,,,,,,,,
primary-w1,0,candidate,10,732.0219335,728.917963,734.432949,3.0438172321512824,120,938176.0,1049728,,,954560.0,1851520,,,944288.0,944288,956096.5,90925.5,730775388.5,75862.0,10000.0,10000.0,786560.0,100000000.0,9998251.0,0.0,9998251.0,120.0,,
primary-w1,1,baseline,10,2231.851199,2227.598424,2236.759713,1.0,120,469004.0,469004,,,487704.0,487704,,,487692.0,487692,,,,,,,,,,,,,,
primary-w1,1,candidate,10,732.8175835,728.522652,736.540016,3.0455753918191837,120,938176.0,938176,,,954560.0,954560,,,944288.0,944288,796884.0,76373.0,731652677.0,76082.5,10000.0,10000.0,786560.0,100000000.0,9998251.0,0.0,9998251.0,120.0,,
primary-w2,0,baseline,10,2352.3206585,2351.087674,2355.87985,1.0,120,469004.0,469004,,,487704.0,1218596,,,487692.0,487692,,,,,,,,,,,,,,
primary-w2,0,candidate,10,496.497573,490.8509,501.255765,4.737829118250292,120,938208.0,1049728,,,954592.0,1451520,,,944288.0,944288,991793.5,82865.0,494953211.5,96024.5,10000.0,10000.0,786560.0,100000000.0,9998251.0,0.0,9998251.0,120.0,,
primary-w2,1,baseline,10,2353.2144355,2347.011573,2361.210197,1.0,120,469004.0,469004,,,487704.0,487704,,,487692.0,487692,,,,,,,,,,,,,,
primary-w2,1,candidate,10,495.844557,490.755872,500.93749,4.745871266062925,120,938208.0,938208,,,954592.0,1075360,,,944288.0,944288,807002.5,77184.5,494603868.5,93910.5,10000.0,10000.0,786560.0,100000000.0,9998251.0,0.0,9998251.0,120.0,,
primary-w4,0,baseline,10,2295.795231,2229.694604,2305.241757,1.0,120,469004.0,469004,,,487704.0,1119768,,,487692.0,487692,,,,,,,,,,,,,,
primary-w4,0,candidate,10,319.807557,314.504622,324.469262,7.178677241201027,120,968992.0,1049728,,,1001760.0,1251520,,,960672.0,960672,1250726.5,87619.0,318105551.0,201577.0,10000.0,10000.0,786560.0,100000000.0,9998251.0,0.0,9998251.0,120.0,,
primary-w4,1,baseline,10,2296.946313,2288.332448,2329.217999,1.0,120,469004.0,469004,,,487704.0,487704,,,487692.0,487692,,,,,,,,,,,,,,
primary-w4,1,candidate,10,321.5269595,316.759155,327.475009,7.143868484844736,120,968992.0,968992,,,1001760.0,1001760,,,960672.0,960672,898689.5,78857.5,320100975.0,170368.5,10000.0,10000.0,786560.0,100000000.0,9998251.0,0.0,9998251.0,120.0,,
right-swapped,0,baseline,10,22.561872,22.321783,22.809435,1.0,120,296972.0,296972,313624.0,313624,,,296972.0,296972,,,,,,,,,,,,,,,22.7511655,43.953792169460506
right-swapped,0,candidate,10,44.324084,42.246086,45.973892,0.5090206037873225,120,50855936.0,50855936,50860032.0,50860032,,,34220080.0,34220080,,,37971392.5,192279.0,5627621.0,214646.0,1000000.0,10000.0,34078720.0,10000.0,100044.0,0.0,100044.0,120.0,47.5641135,21.024253926229488
right-swapped,1,baseline,10,22.420177,22.103265,23.831604,1.0,120,296972.0,296972,313624.0,313624,,,296972.0,296972,,,,,,,,,,,,,,,22.568288,44.30996272291456
right-swapped,1,candidate,10,44.2226485,42.040221,46.05295,0.5069840400897744,120,50855936.0,50855936,50860032.0,50860032,,,34220080.0,34220080,,,38419349.5,169180.5,5835389.5,176414.5,1000000.0,10000.0,34078720.0,10000.0,100044.0,0.0,100044.0,120.0,47.582563,21.016102054023445
right,0,baseline,10,3820.615224,3807.112955,3857.366674,1.0,180,137515020.0,137517068,137939736.0,137939736,,,137515020.0,137515020,,,,,,,,,,,,,,,3828.003586,0.26123277513565
right,0,candidate,10,111.938636,109.196617,119.2853,34.13133624390421,180,1012080.0,1049728,1112600.0,1476224,,,938160.0,938160,,,1116316.0,71478.5,109654302.5,257701.5,10000.0,10000.0,786560.0,10000000.0,999862.0,9000138.0,10000000.0,180.0,112.210329,8.911835558382508
right,1,baseline,10,3784.292039,3755.269802,3834.972554,1.0,180,137515020.0,137515020,137939736.0,137939736,,,137515020.0,137515020,,,,,,,,,,,,,,,3792.150875,0.263702588046421
right,1,candidate,10,118.359941,114.720649,123.10077,31.972743539978616,180,1012080.0,1012080,1044848.0,1214080,,,938160.0,938160,,,752351.5,63213.0,117103748.0,200730.0,10000.0,10000.0,786560.0,10000000.0,999862.0,9000138.0,10000000.0,180.0,118.6168055,8.430508609507276
scalar-inner,0,baseline,10,216.607983,213.070426,219.444918,1.0,1,327692.0,327692,524432.0,756492,,,327692.0,327692,,,,,,,,,,,,,,,216.8470945,4.611544380180755
scalar-inner,0,candidate,10,29.808173,27.90148,31.65254,7.2667312753451885,1,787392.0,917504,820160.0,1344000,,,787392.0,787392,,,938008.0,84858.5,28467046.5,19341.0,10000.0,10000.0,786432.0,10000000.0,999862.0,0.0,999862.0,1.0,30.0362695,33.293082551413384
scalar-inner,1,baseline,10,215.4377155,213.467398,217.363901,1.0,1,327692.0,327692,344332.0,344332,,,327692.0,327692,,,,,,,,,,,,,,,215.6379895,4.6374017969593435
scalar-inner,1,candidate,10,29.7513815,27.646844,35.346032,7.241267619791034,1,787392.0,787392,820160.0,820160,,,787392.0,787392,,,649889.0,81998.5,28948842.5,16581.0,10000.0,10000.0,786432.0,10000000.0,999862.0,0.0,999862.0,1.0,29.9609035,33.37683057521947
scalar-left,0,baseline,10,363.9178875,361.397387,367.678023,1.0,1,262152.0,262152,625416.0,690952,,,262152.0,262152,,,,,,,,,,,,,,,364.170128,2.745969323436655
scalar-left,0,candidate,10,75.9939805,69.205104,89.521429,4.788772546267661,1,787392.0,917504,820160.0,1344000,,,787392.0,787392,,,844653.5,77244.0,74771196.0,19697.0,10000.0,10000.0,786432.0,10000000.0,999862.0,9000138.0,10000000.0,1.0,76.2529795,13.114241653993338
scalar-left,1,baseline,10,360.7089455,359.828674,367.073804,1.0,1,262152.0,262152,278792.0,278792,,,262152.0,262152,,,,,,,,,,,,,,,360.9431125,2.770519689581277
scalar-left,1,candidate,10,72.361848,63.361394,86.888439,4.984794549470323,1,787392.0,787392,820160.0,820160,,,787392.0,787392,,,624622.5,85570.0,71586624.5,16521.0,10000.0,10000.0,786432.0,10000000.0,999862.0,9000138.0,10000000.0,1.0,72.588752,13.776239051471777
scalar-right-1m,0,baseline,10,172.5678845,166.948877,183.968334,1.0,1,19922956.0,19922956,20357900.0,20357900,,,19922956.0,19922956,,,,,,,,,,,,,,,172.8318585,5.785970298988597
scalar-right-1m,0,candidate,10,7.827558,6.241722,8.942562,22.046196847088197,1,787392.0,787392,820160.0,1212928,,,787392.0,787392,,,929969.5,74218.5,6597026.5,12774.0,10000.0,10000.0,786432.0,1000000.0,99347.0,900653.0,1000000.0,1.0,8.004083,124.93623566872057
scalar-right-1m,1,baseline,10,168.233588,160.484528,178.720799,1.0,1,19922956.0,19922956,20357900.0,20357900,,,19922956.0,19922956,,,,,,,,,,,,,,,168.477354,5.935515820126187
scalar-right-1m,1,candidate,10,6.7287175,5.737749,8.548196,25.002325926151602,1,787392.0,787392,820160.0,820160,,,787392.0,787392,,,611373.0,71007.5,5962755.5,9828.5,10000.0,10000.0,786432.0,1000000.0,99347.0,900653.0,1000000.0,1.0,6.8943425,145.04646382160445
scalar-right,0,baseline,10,2698.408524,2667.074053,2709.139823,1.0,1,137363468.0,137363468,137798412.0,137798412,,,137363468.0,137363468,,,,,,,,,,,,,,,2706.5653265,0.36947196145941613
scalar-right,0,candidate,10,60.8018315,49.67604,67.14791,44.38038225871535,1,787392.0,917504,820160.0,1344000,,,787392.0,787392,,,953757.5,100793.5,59529007.5,18053.5,10000.0,10000.0,786432.0,10000000.0,999862.0,9000138.0,10000000.0,1.0,61.0364145,16.3836622480503
scalar-right,1,baseline,10,2680.7111055,2635.48464,2690.273595,1.0,1,137363468.0,137363468,137798412.0,137798412,,,137363468.0,137363468,,,,,,,,,,,,,,,2688.908309,0.3718981404657484
scalar-right,1,candidate,10,59.3733815,49.558691,69.15489,45.150049361766605,1,787392.0,787392,820160.0,820160,,,787392.0,787392,,,626315.0,90098.0,58507763.5,17332.5,10000.0,10000.0,786432.0,10000000.0,999862.0,9000138.0,10000000.0,1.0,59.594109,16.78018208142016
singleton-build,0,baseline,10,56.2638755,54.705338,57.539865,1.0,52,268812.0,268812,285460.0,285460,,,268812.0,268812,,,,,,,,,,,,,,,56.455423,17.71309020215826
singleton-build,0,candidate,10,8.7974145,7.510625,10.320596,6.395501257784319,52,158128.0,158128,190896.0,301296,,,137456.0,137456,,,403940.0,61124.0,8014462.0,104265.0,1.0,1.0,1216.0,10000000.0,92.0,0.0,92.0,52.0,8.9456715,111.78590673712979
singleton-build,1,baseline,10,55.1828955,54.54051,55.424713,1.0,52,268812.0,268812,285460.0,285460,,,268812.0,268812,,,,,,,,,,,,,,,55.408507,18.047770173630557
singleton-build,1,candidate,10,8.136144,7.52932,10.061011,6.782438400795266,52,158128.0,158128,190896.0,301296,,,137456.0,137456,,,304298.5,58744.5,7509854.0,74629.5,1.0,1.0,1216.0,10000000.0,92.0,0.0,92.0,52.0,8.292817,120.58628569761035
small-input,0,baseline,10,3.1941385,2.448746,4.225526,1.0,120,275468.0,275468,292120.0,292120,,,275468.0,275468,,,,,,,,,,,,,,,3.310246,302.0923520487601
small-input,0,candidate,10,1.3403945,1.239226,2.080107,2.382983890190537,120,149680.0,170352,157872.0,288944,,,149680.0,149680,,,376258.0,41487.5,530691.5,66579.5,100.0,100.0,8320.0,100000.0,9915.0,0.0,9915.0,120.0,1.444299,692.3774093868375
small-input,1,baseline,10,2.600685,2.351264,3.636586,1.0,120,275468.0,275468,292120.0,292120,,,275468.0,275468,,,,,,,,,,,,,,,2.6962935,370.87950551377287
small-input,1,candidate,10,1.2172845,1.003195,1.438819,2.136464400885742,120,149680.0,170352,157872.0,288944,,,149680.0,149680,,,330903.5,33768.0,490847.5,70461.5,100.0,100.0,8320.0,100000.0,9915.0,0.0,9915.0,120.0,1.3148065,760.5681900720753
small-interval,0,baseline,10,1.1373,0.858054,2.669629,1.0,2,463884.0,463884,634386.0,892696,,,463884.0,463884,,,,,,,,,,,,,,,1.2314965,812.0201722051179
small-interval,0,candidate,10,1.3249705,0.95773,2.792077,0.8583587332699105,2,922800.0,922800,924848.0,1214080,,,922800.0,922800,,,1011314.5,42524.5,153381.5,25372.5,10000.0,10000.0,786560.0,229.0,23.0,0.0,23.0,2.0,1.4551645,687.2075287708022
small-interval,1,baseline,10,0.548675,0.493041,0.598027,1.0,2,463884.0,463884,474380.0,474380,,,463884.0,463884,,,,,,,,,,,,,,,0.6190365,1615.4136306986745
small-interval,1,candidate,10,0.8576325,0.813941,0.91485,0.6397553730764634,2,922800.0,922800,924848.0,924848,,,922800.0,922800,,,645992.0,31634.0,94411.5,21510.0,10000.0,10000.0,786560.0,229.0,23.0,0.0,23.0,2.0,0.9389395,1065.0313465351069
zero-matches,0,baseline,10,59.0920735,58.868184,60.510917,1.0,0,268812.0,268812,285460.0,285460,,,268812.0,268812,,,,,,,,,,,,,,,59.2778715,16.869701537782106
zero-matches,0,candidate,10,7.6482075,7.046788,9.319468,7.726264422088444,0,158128.0,158128,190896.0,190896,,,137456.0,137456,,,421122.0,62923.0,7100848.5,18049.0,1.0,1.0,1216.0,10000000.0,0.0,0.0,0.0,0.0,7.8264355,127.77208730590063
zero-matches,1,baseline,10,58.4533735,58.380994,59.136557,1.0,0,268812.0,268812,285460.0,285460,,,268812.0,268812,,,,,,,,,,,,,,,58.6190235,17.05930840011349
zero-matches,1,candidate,10,7.360444,6.947592,7.766273,7.941555359975567,0,158128.0,158128,190896.0,190896,,,137456.0,137456,,,277218.0,62386.5,6940173.0,16535.5,1.0,1.0,1216.0,10000000.0,0.0,0.0,0.0,0.0,7.531073,132.7832036683219
